{"match_rate": 0.668, "rms_dist": 0.05843482251975234, "comp_valid": 0.8416, "struct_valid": 0.9973, "valid": 0.8393, "comp_div": 12.547151024792603, "struct_div": 0.7386488208937987, "wdist_density": 0.1982776272661279, "wdist_num_elems": 0.539, "wdist_prop": 4.736867719858885, "cov_recall": 0.988, "cov_precision": 0.9506, "amsd_recall": 0.10457100835403921, "amsd_precision": 0.20804774150791533, "amcd_recall": 1.4356662081442624, "amcd_precision": 4.479592501147933, "SR5": 0.44, "SR10": 0.48, "SR15": 0.6}